Time,Timestamp,Category,Content,Date,Rank
,,,,,
,,,,,
,,,,,
,,,,,
,,,,,
,,,,,
,,,,,
,,,,,
,,,,,
,,,,,
,,,,,
,,,,,
,,,,,
,,,,,
,,,,,
,,,,,
,,,,,
0h 00m ,,,,,
0h 00m ,1617519586,,,,
0h 00m ,1617519676,q2q,,,
0h 00m ,1617519758,q2q,baidu,,
0h 00m ,1617519773,q2q,baidu,4/4/2021,
0h 00m ,1617519853,q2q,baidu,4/4/2020,0
,,,,,
,,,,,
,,,,,
,,,,,
,,,,,
,,,,,
ewewr,,,,,
rwer,,,d,;,
ewrwe,,,,,;io
rewrf,,,,p,
,,,,,
tr,,,,,
,,ertgerth,,,p;iop
dsfwrew,,,,,
,,,,;,
,,,,,
qwdwe,,,,k,
,,,,,
,,,,,uyki
,,weqfrweg,yjyu,uyluilou,
